<?xml version="1.0" encoding="utf-8"?>
<resources>

    <!-- ************************* 通用 ******************** -->
    <dimen name="margin_litter">2dp</dimen>
    <dimen name="margin_tiny">4dp</dimen>
    <dimen name="margin_small">8dp</dimen>
    <dimen name="margin_normal">12dp</dimen>
    <dimen name="margin_medium">20dp</dimen>
    <dimen name="margin_large">32dp</dimen>
    <dimen name="margin_huge">64dp</dimen>
    <dimen name="line_height">1dp</dimen>
    <dimen name="line_litter_height">0.5dp</dimen>

    <!-- 字体大小 -->
    <dimen name="text_size_tiny">10sp</dimen>
    <dimen name="text_size_small">12sp</dimen>
    <dimen name="text_size_normal">14dp</dimen>
    <dimen name="text_size_medium">16dp</dimen>
    <dimen name="text_size_large">18dp</dimen>
    <dimen name="text_size_most">25dp</dimen>

    <!-- item 大小 -->
    <dimen name="item_height_litter">30dp</dimen>
    <dimen name="item_height_small">40dp</dimen>
    <dimen name="item_height_normal">50dp</dimen>
    <dimen name="item_height_medium">65dp</dimen>
    <dimen name="item_height_large">100dp</dimen>
    <dimen name="item_height_most">120dp</dimen>

    <!--image的宽和高-->
    <dimen name="image_height_small">15dp</dimen>
    <dimen name="image_height_litter">20dp</dimen>
    <dimen name="image_height">30dp</dimen>
    <dimen name="image_height_large">50dp</dimen>
    <dimen name="image_height_most">100dp</dimen>
    <!-- ************************* 结束 ******************** -->

    <!-- TitleBar height -->
    <dimen name="title_bar_height">48dp</dimen>
    <dimen name="title_bar_weight">60dp</dimen>


    <!-- 适配尺寸 -->

    <dimen name="dp_0.1">0.1dp</dimen>
    <dimen name="dp_0.5">0.5dp</dimen>
    <dimen name="dp_1">1dp</dimen>
    <dimen name="dp_2">2dp</dimen>
    <dimen name="dp_2.5">2.5dp</dimen>
    <dimen name="dp_3">3dp</dimen>
    <dimen name="dp_4">4dp</dimen>
    <dimen name="dp_4_5">4.5dp</dimen>
    <dimen name="dp_5">5dp</dimen>
    <dimen name="dp_6">6dp</dimen>
    <dimen name="dp_7">7dp</dimen>
    <dimen name="dp_7.5">7.5dp</dimen>
    <dimen name="dp_8">8dp</dimen>
    <dimen name="dp_9">9dp</dimen>
    <dimen name="dp_10">10dp</dimen>
    <dimen name="dp_11">11dp</dimen>
    <dimen name="dp_12">12dp</dimen>
    <dimen name="dp_13">13dp</dimen>
    <dimen name="dp_14">14dp</dimen>
    <dimen name="dp_15">15dp</dimen>
    <dimen name="dp_16">16dp</dimen>
    <dimen name="dp_17">17dp</dimen>
    <dimen name="dp_18">18dp</dimen>
    <dimen name="dp_19">19dp</dimen>
    <dimen name="dp_20">20dp</dimen>
    <dimen name="dp_21">21dp</dimen>
    <dimen name="dp_22">22dp</dimen>
    <dimen name="dp_23">23dp</dimen>
    <dimen name="dp_24">24dp</dimen>
    <dimen name="dp_25">25dp</dimen>
    <dimen name="dp_26">26dp</dimen>
    <dimen name="dp_27">27dp</dimen>
    <dimen name="dp_28">28dp</dimen>
    <dimen name="dp_29">29dp</dimen>
    <dimen name="dp_30">30dp</dimen>
    <dimen name="dp_32">32dp</dimen>
    <dimen name="dp_33">33dp</dimen>
    <dimen name="dp_34">34dp</dimen>
    <dimen name="dp_35">35dp</dimen>
    <dimen name="dp_36">36dp</dimen>
    <dimen name="dp_38">38dp</dimen>
    <dimen name="dp_39">39dp</dimen>
    <dimen name="dp_40">40dp</dimen>
    <dimen name="dp_41">41dp</dimen>
    <dimen name="dp_42">42dp</dimen>
    <dimen name="dp_43">43dp</dimen>
    <dimen name="dp_44">44dp</dimen>
    <dimen name="dp_45">45dp</dimen>
    <dimen name="dp_46">46dp</dimen>
    <dimen name="dp_47">47dp</dimen>
    <dimen name="dp_48">48dp</dimen>
    <dimen name="dp_49">49dp</dimen>
    <dimen name="dp_50">50dp</dimen>
    <dimen name="dp_51">51dp</dimen>
    <dimen name="dp_52">52dp</dimen>
    <dimen name="dp_53">53dp</dimen>
    <dimen name="dp_54">54dp</dimen>
    <dimen name="dp_55">55dp</dimen>
    <dimen name="dp_56">56dp</dimen>
    <dimen name="dp_57">57dp</dimen>
    <dimen name="dp_58">58dp</dimen>
    <dimen name="dp_59">59dp</dimen>
    <dimen name="dp_60">60dp</dimen>
    <dimen name="dp_61">61dp</dimen>
    <dimen name="dp_62">62dp</dimen>
    <dimen name="dp_63">63dp</dimen>
    <dimen name="dp_64">64dp</dimen>
    <dimen name="dp_65">65dp</dimen>
    <dimen name="dp_66">66dp</dimen>
    <dimen name="dp_67">67dp</dimen>
    <dimen name="dp_68">68dp</dimen>
    <dimen name="dp_69">69dp</dimen>
    <dimen name="dp_70">70dp</dimen>
    <dimen name="dp_71">71dp</dimen>
    <dimen name="dp_72">72dp</dimen>
    <dimen name="dp_73">73dp</dimen>
    <dimen name="dp_74">74dp</dimen>
    <dimen name="dp_75">75dp</dimen>
    <dimen name="dp_76">76dp</dimen>
    <dimen name="dp_77">77dp</dimen>
    <dimen name="dp_78">78dp</dimen>
    <dimen name="dp_79">79dp</dimen>
    <dimen name="dp_80">80dp</dimen>
    <dimen name="dp_81">81dp</dimen>
    <dimen name="dp_82">82dp</dimen>
    <dimen name="dp_83">83dp</dimen>
    <dimen name="dp_84">84dp</dimen>
    <dimen name="dp_85">85dp</dimen>
    <dimen name="dp_86">86dp</dimen>
    <dimen name="dp_87">87dp</dimen>
    <dimen name="dp_88">88dp</dimen>
    <dimen name="dp_89">89dp</dimen>
    <dimen name="dp_90">90dp</dimen>
    <dimen name="dp_91">91dp</dimen>
    <dimen name="dp_92">92dp</dimen>
    <dimen name="dp_93">93dp</dimen>
    <dimen name="dp_94">94dp</dimen>
    <dimen name="dp_95">95dp</dimen>
    <dimen name="dp_96">96dp</dimen>
    <dimen name="dp_97">97dp</dimen>
    <dimen name="dp_98">98dp</dimen>
    <dimen name="dp_99">99dp</dimen>
    <dimen name="dp_100">100dp</dimen>
    <dimen name="dp_101">101dp</dimen>
    <dimen name="dp_104">104dp</dimen>
    <dimen name="dp_105">105dp</dimen>
    <dimen name="dp_106">106dp</dimen>
    <dimen name="dp_110">110dp</dimen>
    <dimen name="dp_111">111dp</dimen>
    <dimen name="dp_112">112dp</dimen>
    <dimen name="dp_113">113dp</dimen>
    <dimen name="dp_120">120dp</dimen>
    <dimen name="dp_123">123dp</dimen>
    <dimen name="dp_125">125dp</dimen>
    <dimen name="dp_128">128dp</dimen>
    <dimen name="dp_132">132dp</dimen>
    <dimen name="dp_134">134dp</dimen>
    <dimen name="dp_135">135dp</dimen>
    <dimen name="dp_136">136dp</dimen>
    <dimen name="dp_139">139dp</dimen>
    <dimen name="dp_140">140dp</dimen>
    <dimen name="dp_142">142dp</dimen>
    <dimen name="dp_143">143dp</dimen>
    <dimen name="dp_150">150dp</dimen>
    <dimen name="dp_155">155dp</dimen>
    <dimen name="dp_159">159dp</dimen>
    <dimen name="dp_160">160dp</dimen>
    <dimen name="dp_162">162dp</dimen>
    <dimen name="dp_165">165dp</dimen>
    <dimen name="dp_170">170dp</dimen>
    <dimen name="dp_175">175dp</dimen>
    <dimen name="dp_177">177dp</dimen>
    <dimen name="dp_179">179dp</dimen>
    <dimen name="dp_180">180dp</dimen>
    <dimen name="dp_184">184dp</dimen>
    <dimen name="dp_190">190dp</dimen>
    <dimen name="dp_194">194dp</dimen>
    <dimen name="dp_196">196dp</dimen>
    <dimen name="dp_200">200dp</dimen>
    <dimen name="dp_202">202dp</dimen>
    <dimen name="dp_210">210dp</dimen>
    <dimen name="dp_216">216dp</dimen>
    <dimen name="dp_219">219dp</dimen>
    <dimen name="dp_220">220dp</dimen>
    <dimen name="dp_225">225dp</dimen>
    <dimen name="dp_230">230dp</dimen>
    <dimen name="dp_235">235dp</dimen>
    <dimen name="dp_238">238dp</dimen>
    <dimen name="dp_240">240dp</dimen>
    <dimen name="dp_245">245dp</dimen>
    <dimen name="dp_250">250dp</dimen>
    <dimen name="dp_267">267dp</dimen>
    <dimen name="dp_270">270dp</dimen>
    <dimen name="dp_275">275dp</dimen>
    <dimen name="dp_277">277dp</dimen>
    <dimen name="dp_280">280dp</dimen>
    <dimen name="dp_285">285dp</dimen>
    <dimen name="dp_289">289dp</dimen>
    <dimen name="dp_293">293dp</dimen>
    <dimen name="dp_300">300dp</dimen>
    <dimen name="dp_301">301dp</dimen>
    <dimen name="dp_302">302dp</dimen>
    <dimen name="dp_306">306dp</dimen>
    <dimen name="dp_320">320dp</dimen>
    <dimen name="dp_325">325dp</dimen>
    <dimen name="dp_338">338dp</dimen>
    <dimen name="dp_355">355dp</dimen>
    <dimen name="dp_360">360dp</dimen>
    <dimen name="dp_365">365dp</dimen>
    <dimen name="dp_370">370dp</dimen>
    <dimen name="dp_402">402dp</dimen>
    <dimen name="dp_410">410dp</dimen>
    <dimen name="dp_422">422dp</dimen>
    <dimen name="dp_472">472dp</dimen>
    <dimen name="dp_500">500dp</dimen>
    <dimen name="dp_600">600dp</dimen>
    <dimen name="dp_640">640dp</dimen>
    <dimen name="dp_800">800dp</dimen>
    <dimen name="drawer_width">240dp</dimen>
    <dimen name="iv_width">20dp</dimen>





</resources>
